--
-- PostgreSQL database dump
--

-- Dumped from database version 17.4 (Postgres.app)
-- Dumped by pg_dump version 17.4 (Homebrew)

SET statement_timeout = 0;
SET lock_timeout = 0;
SET idle_in_transaction_session_timeout = 0;
SET transaction_timeout = 0;
SET client_encoding = 'UTF8';
SET standard_conforming_strings = on;
SELECT pg_catalog.set_config('search_path', '', false);
SET check_function_bodies = false;
SET xmloption = content;
SET client_min_messages = warning;
SET row_security = off;

SET default_tablespace = '';

SET default_table_access_method = heap;

--
-- Name: appointment; Type: TABLE; Schema: public; Owner: postgres
--

CREATE TABLE public.appointment (
    id bigint NOT NULL,
    appointment_time timestamp(6) without time zone,
    description character varying(255),
    dentist_id bigint,
    patient_id bigint,
    end_time timestamp(6) without time zone,
    start_time timestamp(6) without time zone
);


ALTER TABLE public.appointment OWNER TO postgres;

--
-- Name: appointment_id_seq; Type: SEQUENCE; Schema: public; Owner: postgres
--

ALTER TABLE public.appointment ALTER COLUMN id ADD GENERATED BY DEFAULT AS IDENTITY (
    SEQUENCE NAME public.appointment_id_seq
    START WITH 1
    INCREMENT BY 1
    NO MINVALUE
    NO MAXVALUE
    CACHE 1
);


--
-- Name: dentist_specialty; Type: TABLE; Schema: public; Owner: postgres
--

CREATE TABLE public.dentist_specialty (
    dentist_id bigint NOT NULL,
    specialty character varying(255)
);


ALTER TABLE public.dentist_specialty OWNER TO postgres;

--
-- Name: dentists; Type: TABLE; Schema: public; Owner: postgres
--

CREATE TABLE public.dentists (
    id bigint NOT NULL,
    email character varying(255) NOT NULL,
    full_name character varying(255) NOT NULL,
    specialty character varying(255),
    title character varying(255)
);


ALTER TABLE public.dentists OWNER TO postgres;

--
-- Name: dentists_id_seq; Type: SEQUENCE; Schema: public; Owner: postgres
--

ALTER TABLE public.dentists ALTER COLUMN id ADD GENERATED BY DEFAULT AS IDENTITY (
    SEQUENCE NAME public.dentists_id_seq
    START WITH 1
    INCREMENT BY 1
    NO MINVALUE
    NO MAXVALUE
    CACHE 1
);


--
-- Name: emergency_queue; Type: TABLE; Schema: public; Owner: postgres
--

CREATE TABLE public.emergency_queue (
    id bigint NOT NULL,
    arrival_time timestamp(6) without time zone,
    dentist_id bigint,
    patient_id bigint
);


ALTER TABLE public.emergency_queue OWNER TO postgres;

--
-- Name: emergency_queue_id_seq; Type: SEQUENCE; Schema: public; Owner: postgres
--

ALTER TABLE public.emergency_queue ALTER COLUMN id ADD GENERATED BY DEFAULT AS IDENTITY (
    SEQUENCE NAME public.emergency_queue_id_seq
    START WITH 1
    INCREMENT BY 1
    NO MINVALUE
    NO MAXVALUE
    CACHE 1
);


--
-- Name: patient; Type: TABLE; Schema: public; Owner: postgres
--

CREATE TABLE public.patient (
    id bigint NOT NULL,
    first_name character varying(255),
    tc_no character varying(255)
);


ALTER TABLE public.patient OWNER TO postgres;

--
-- Name: patient_id_seq; Type: SEQUENCE; Schema: public; Owner: postgres
--

ALTER TABLE public.patient ALTER COLUMN id ADD GENERATED BY DEFAULT AS IDENTITY (
    SEQUENCE NAME public.patient_id_seq
    START WITH 1
    INCREMENT BY 1
    NO MINVALUE
    NO MAXVALUE
    CACHE 1
);


--
-- Data for Name: appointment; Type: TABLE DATA; Schema: public; Owner: postgres
--

COPY public.appointment (id, appointment_time, description, dentist_id, patient_id, end_time, start_time) FROM stdin;
1	\N	\N	14	\N	2025-12-20 11:00:00	2025-12-20 10:30:00
2	\N	\N	14	\N	2025-12-21 10:30:00	2025-12-21 09:30:00
3	\N	\N	14	\N	2025-12-20 10:00:00	2025-12-20 09:30:00
4	\N	\N	14	\N	2025-12-21 10:30:00	2025-12-21 09:30:00
5	\N	\N	14	\N	2025-12-21 11:30:00	2025-12-21 10:30:00
6	\N	\N	14	\N	2025-12-21 13:00:00	2025-12-21 12:00:00
7	\N	\N	14	\N	2025-12-21 14:30:00	2025-12-21 13:30:00
8	\N	\N	14	\N	2025-12-21 16:30:00	2025-12-21 15:30:00
9	\N	\N	22	\N	2025-12-21 10:30:00	2025-12-21 09:30:00
10	\N	\N	22	\N	2025-12-20 10:00:00	2025-12-20 09:00:00
11	\N	\N	14	\N	2025-12-21 15:30:00	2025-12-21 14:30:00
12	\N	\N	14	\N	2025-12-21 17:30:00	2025-12-21 16:30:00
13	\N	\N	14	\N	2025-12-21 09:30:00	2025-12-21 09:00:00
14	\N	\N	14	\N	2025-12-21 18:30:00	2025-12-21 17:30:00
15	\N	\N	14	\N	2025-12-21 19:30:00	2025-12-21 18:30:00
16	\N	\N	22	\N	2025-12-21 20:30:00	2025-12-21 19:30:00
17	\N	\N	14	\N	2025-12-22 11:00:00	2025-12-22 10:00:00
18	\N	\N	22	\N	2025-12-20 11:30:00	2025-12-20 10:30:00
19	\N	\N	14	\N	2025-12-22 13:00:00	2025-12-22 12:00:00
20	\N	\N	14	\N	2025-12-22 14:00:00	2025-12-22 13:00:00
21	\N	\N	14	\N	2025-12-20 18:00:00	2025-12-20 17:00:00
22	\N	\N	23	\N	2025-12-21 09:30:00	2025-12-21 09:00:00
23	\N	\N	22	\N	2025-12-21 09:30:00	2025-12-21 09:00:00
24	\N	\N	14	2	2025-12-22 10:00:00	2025-12-22 09:00:00
25	\N	\N	22	2	2025-12-21 11:00:00	2025-12-21 10:30:00
26	\N	\N	24	3	2025-12-21 10:00:00	2025-12-21 09:00:00
27	\N	\N	20	2	2025-12-21 09:30:00	2025-12-21 09:00:00
28	\N	\N	22	3	2025-12-23 10:00:00	2025-12-23 09:00:00
29	\N	\N	23	2	2025-12-23 09:30:00	2025-12-23 09:00:00
30	\N	\N	14	2	2025-12-24 10:00:00	2025-12-24 09:00:00
31	\N	\N	14	2	2025-12-24 12:00:00	2025-12-24 11:00:00
32	\N	\N	14	2	2025-12-26 10:00:00	2025-12-26 09:00:00
33	\N	\N	14	2	2025-12-28 10:00:00	2025-12-28 09:00:00
34	\N	\N	14	2	2025-12-30 10:00:00	2025-12-30 09:00:00
35	\N	\N	14	2	2025-12-30 10:30:00	2025-12-30 10:00:00
36	\N	\N	22	5	2025-12-30 09:30:00	2025-12-30 09:00:00
37	\N	\N	14	5	2025-12-30 12:00:00	2025-12-30 11:30:00
38	\N	\N	22	6	2025-12-30 13:00:00	2025-12-30 12:00:00
39	\N	\N	22	6	2025-12-30 11:30:00	2025-12-30 11:00:00
40	\N	\N	14	2	2026-01-06 11:30:00	2026-01-06 10:30:00
41	\N	\N	14	2	2026-01-05 11:30:00	2026-01-05 10:30:00
42	\N	\N	14	2	2026-01-06 10:00:00	2026-01-06 09:00:00
\.


--
-- Data for Name: dentist_specialty; Type: TABLE DATA; Schema: public; Owner: postgres
--

COPY public.dentist_specialty (dentist_id, specialty) FROM stdin;
14	Kanal Tedavisi
14	Diş Eti Tedavisi
14	Çocuk Diş
15	Diş İmplantı
15	Estetik Diş
15	Çene Cerrahisi
16	Estetik Diş
16	Çene Cerrahisi
17	Estetik Diş
17	Çene Cerrahisi
18	ortodonti
18	Estetik Diş
19	ortodonti
19	Estetik Dİş
20	Genel Muayene
20	Çocuk Diş
21	pedodonti
21	Çocuk Diş
22	Genel Muayene
22	Ortodonti
22	Kanal Tedavisi
23	Genel Muayene
23	Ortodonti
23	Diş Eti Tedavisi
23	Çocuk Diş
24	Genel Muayene
24	ortodonti
24	Kanal Tedavisi
25	ortodonti
25	Genel Muayene
25	Kanal Tedevisi
26	ortodonti
27	ortodonti
28	Çene Cerrahisi
29	ortodonti
30	acil
31	acil
\.


--
-- Data for Name: dentists; Type: TABLE DATA; Schema: public; Owner: postgres
--

COPY public.dentists (id, email, full_name, specialty, title) FROM stdin;
14	1@gmail.com	Dt. Zeynep Lale Çalışkan	\N	Başhekim
15	2@gmail.com	Uzm. Dt. Sergen Ekenel	\N	Çene Cerrahı
16	3@gmail.com	Uzm. Dt. Leyla Okur	\N	Çene Cerrahı
17	4@gmail.com	Uzm. Dt. Ekrem Gündüz	\N	Çene Cerrahı
18	5@gmail.com	Dr. Burak Arslan	\N	Ortodontist
19	6@gmail.com	Dr. Sanem Kurt	\N	Ortodontist
20	7@gmail.com	Dt. Esra Yılmaz	\N	Pedodontist
21	8@gmail.com	Dt. Büşra Koç	\N	Pedodontist
22	9@gmail.com	Dr. Mehmet Özdemir	\N	Protetik
23	10@gmail.com	Dt. Selin Kaya	\N	Genel Diş
24	11@gmail.com	Dt. Kemal Öztürk	\N	Diş Hekimi
25	12@gmail.com	Dt. Ahmet Yıldırım	\N	Diş Hekimi
26	nisaaltun058@gmail.com	nisa altun	\N	Çene Cerrahı
27	deneme@gmail	Dr. seda polat	\N	Ortodontist
28	nisaaltun058@gmail	Dr. seda ak	\N	Çene Cerrahı
29	89@gmail.com	Dr. Ali polat	\N	Çene Cerrahı
30	20@gmail.com	Ayşe Aslan	\N	acil
31	21@gmail.com	Selim Öz	\N	acil
\.


--
-- Data for Name: emergency_queue; Type: TABLE DATA; Schema: public; Owner: postgres
--

COPY public.emergency_queue (id, arrival_time, dentist_id, patient_id) FROM stdin;
8	2025-12-28 23:02:26.68845	31	3
13	2025-12-30 10:08:36.712621	31	2
14	2025-12-30 10:08:37.601583	31	2
15	2025-12-30 10:36:03.556657	30	6
16	2026-01-05 22:44:47.160516	30	2
17	2026-01-05 22:44:48.379694	30	2
18	2026-01-05 22:44:49.135489	30	2
\.


--
-- Data for Name: patient; Type: TABLE DATA; Schema: public; Owner: postgres
--

COPY public.patient (id, first_name, tc_no) FROM stdin;
2	nisa altun	27825935034
3	nisa altun	71586476756
4	ayşe	38263373500
5	ali	91836834518
6	hüsna	76807513142
\.


--
-- Name: appointment_id_seq; Type: SEQUENCE SET; Schema: public; Owner: postgres
--

SELECT pg_catalog.setval('public.appointment_id_seq', 42, true);


--
-- Name: dentists_id_seq; Type: SEQUENCE SET; Schema: public; Owner: postgres
--

SELECT pg_catalog.setval('public.dentists_id_seq', 31, true);


--
-- Name: emergency_queue_id_seq; Type: SEQUENCE SET; Schema: public; Owner: postgres
--

SELECT pg_catalog.setval('public.emergency_queue_id_seq', 18, true);


--
-- Name: patient_id_seq; Type: SEQUENCE SET; Schema: public; Owner: postgres
--

SELECT pg_catalog.setval('public.patient_id_seq', 6, true);


--
-- Name: appointment appointment_pkey; Type: CONSTRAINT; Schema: public; Owner: postgres
--

ALTER TABLE ONLY public.appointment
    ADD CONSTRAINT appointment_pkey PRIMARY KEY (id);


--
-- Name: dentists dentists_pkey; Type: CONSTRAINT; Schema: public; Owner: postgres
--

ALTER TABLE ONLY public.dentists
    ADD CONSTRAINT dentists_pkey PRIMARY KEY (id);


--
-- Name: emergency_queue emergency_queue_pkey; Type: CONSTRAINT; Schema: public; Owner: postgres
--

ALTER TABLE ONLY public.emergency_queue
    ADD CONSTRAINT emergency_queue_pkey PRIMARY KEY (id);


--
-- Name: patient patient_pkey; Type: CONSTRAINT; Schema: public; Owner: postgres
--

ALTER TABLE ONLY public.patient
    ADD CONSTRAINT patient_pkey PRIMARY KEY (id);


--
-- Name: dentists ukmnp0giot7f3g8css44la0i7dh; Type: CONSTRAINT; Schema: public; Owner: postgres
--

ALTER TABLE ONLY public.dentists
    ADD CONSTRAINT ukmnp0giot7f3g8css44la0i7dh UNIQUE (email);


--
-- Name: appointment fk4apif2ewfyf14077ichee8g06; Type: FK CONSTRAINT; Schema: public; Owner: postgres
--

ALTER TABLE ONLY public.appointment
    ADD CONSTRAINT fk4apif2ewfyf14077ichee8g06 FOREIGN KEY (patient_id) REFERENCES public.patient(id);


--
-- Name: appointment fkhlog04prmd29arsgp68idy3sv; Type: FK CONSTRAINT; Schema: public; Owner: postgres
--

ALTER TABLE ONLY public.appointment
    ADD CONSTRAINT fkhlog04prmd29arsgp68idy3sv FOREIGN KEY (dentist_id) REFERENCES public.dentists(id);


--
-- Name: dentist_specialty fkmdoo710h6xob2dpksjqdo5k3n; Type: FK CONSTRAINT; Schema: public; Owner: postgres
--

ALTER TABLE ONLY public.dentist_specialty
    ADD CONSTRAINT fkmdoo710h6xob2dpksjqdo5k3n FOREIGN KEY (dentist_id) REFERENCES public.dentists(id);


--
-- PostgreSQL database dump complete
--

